{
    "loss": 20.77406120300293,
    "accuracy": 0.690077006816864
}